연번,업체명,업종,전화번호,소지재 지번주소,소재지 도로명 주소,시설종류,오염물질명, 용량(ℓ) ,수량(기),시설형태
1,영진주유소㈜유테크 김해지점,주유소,055-327-8201,경상남도 김해시 내동 495,경상남도 김해시 금관대로 1279 (내동),석유류저장시설,"제1석유류(휘발유) 40,000*1제2석유류(등유) 40,000*1제2석유류(경유) 40,000*1",120000,3,지하
2,예진주유소,주유소,055-335-5192,경상남도 김해시 어방동 351-8,경상남도 김해시 인제로 145 (어방동),석유류저장시설,"휘발유 40,000*2 등유 40,000*1 경유 40,000*1",160000,4,지하
3,고속도로관리공단 진영(상)주유소,주유소,055-342-0878,경상남도 김해시 진영읍 우동리 377-2,경상남도 김해시 진영읍 하계로96번길 44-49,석유류저장시설,"휘발유 30,000*3         20,000*1경유 30,000*2      50,000*2",270000,8,지하
4,고속도로관리공단 진영(하)주유소,주유소,055-343-5415,경상남도 김해시 진영읍 우동리 452,경상남도 김해시 진영읍 하계로96번길 94-2,석유류저장시설,휘발유 30000*2경유 20000*1      30000*1,110000,4,지하
5,상동농협직영주유소,주유소,055-331-8703,경상남도 김해시 상동면 매리 93-3,경상남도 김해시 상동면 동북로 481,석유류저장시설,"휘발유 20,000*1경유 20,000*2등유 20,000*2",100000,5,지하
6,부영주유소,주유소,055-343-6057,경상남도 김해시 진영읍 진영리 319-121,경상남도 김해시 진영읍 진산대로 187,석유류저장시설,"휘발유 50,000*1 경유 24,000*3       50,000*1등유 24,000*1",196000,6,지하
7,해안주유소,주유소,055-323-2200,경상남도 김해시 명법동 202-2,경상남도 김해시 금관대로 820-16 (명법동),석유류저장시설,휘발유 20000*2경유 40000*3,160000,5,지하
8,믿음가득주유소,주유소,055-334-6080,경상남도 김해시 어방동 1116-3외2필지,경상남도 김해시 김해대로 2537 (어방동),석유류저장시설,"제1석유류 20,000*1제1석유류 6,000*1제2석유류 20,000*3제2석유류 50,000*1제2석유류 20,000*1",156000,7,지하
9,송진주유소,주유소,055-343-0052,경상남도 김해시 한림면 신천리 285-2,경상남도 김해시 한림면 김해대로 1567,석유류저장시설,"휘발유20,000*1경유 20,000*2      50,000*1등유 20,000*1",130000,5,지하
10,현대주유소,주유소,055-342-7900,경상남도 김해시 한림면 명동리 61-1,경상남도 김해시 한림면 한림로 131,석유류저장시설,"휘발유 30,000*1경유 30,000*2등유 30,000*1",120000,4,지하
11,단감주유소,주유소,055-345-0051,경상남도 김해시 진영읍 진영리 728,경상남도 김해시 진영읍 진산대로 243 ,석유류저장시설,"휘발유 30,000*1경유 30,000*3       50,000*1등유 30,000*1",200000,5,지하
12,㈜경영에너지 김해지점 구도일주유소,주유소,055-323-4406,경상남도 김해시 부원동 605-17,경상남도 김해시 김해대로 2329 (부원동),석유류저장시설,"휘발유 50,000*2경유 50,000*2",200000,4,지하
13,남광석유판매㈜ 신어주유소,주유소,055-322-2058,경상남도 김해시 어방동1050-9,경상남도 김해시 분성로 569 (어방동),석유류저장시설,"휘발유 30,000*1경유 30,000*3등유 30,000*1",150000,5,지하
14,중앙주유소,주유소,055-331-6121,경상남도 김해시 대동면 주중리 68-1,경상남도 김해시 대동면 대동로 264,석유류저장시설,"휘발유 50,000*1경유 50,000*1      20,000*1등유 20,000*2",160000,5,지하
15,한통아스콘㈜,기타,055-346-1100,경상남도 김해시 한림면 안곡리 623-2,경상남도 김해시 한림면 안곡로 265,석유류저장시설,"중유 33,500*1",33500,1,지상
16,㈜제때 스마일주유소,주유소,055-345-8801,경상남도 김해시 한림면 명동리 1290-1,경상남도 김해시 한림면 김해대로 1045,석유류저장시설,"휘발유 20,000*2경유 20,000*2      50,000*2등유 20,000*1",200000,7,지하
17,현대오일뱅크㈜ 직영 차사랑 셀프주유소,주유소,055-337-1146,경상남도 김해시 내동 1144-4,경상남도 김해시 내외중앙로 56 (내동),석유류저장시설,"휘발유 30,000*2경유 30,000*1등유 30,000*1",120000,4,지하
18,주촌주유소,주유소,055-338-6323,경상남도 김해시 주촌면 망덕리 844,경상남도 김해시 주촌면 서부로 1419,석유류저장시설,"휘발유 20,000*1경유 20,000*2등유 20,000*1      10,000*1",90000,5,지하
19,신천주유소,주유소,055-343-0056,경상남도 김해시 한림면 신천리 753-9,경상남도 김해시 한림면 김해대로 1419,석유류저장시설,"휘발유 50,000*1경유 50,000*2등유 50,000*1",200000,4,지하
20,대지주유소,주유소,055-332-1425,경상남도 김해시 불암동 94-1,경상남도 김해시 김해대로 2733,석유류저장시설,휘발유 12000*2경유 20000*2등유 12000*1,76000,5,지하
21,행운주유소,주유소,055-323-6831,경상남도 김해시 상동면 우계리 723,경상남도 김해시 상동면 상동로 295,석유류저장시설,"휘발유 20,000*2경유 20,000*2등유 20,000*1",100000,5,지하
22,대감주유소,주유소,055-323-1001,경상남도 김해시 대동면 대감리 585-3,경상남도 김해시 대동면 대동로 934,석유류저장시설,"휘발유 30,000*1경유 30,000*1       40,000*3등유 20,000*1",200000,6,지하
23,㈜청해아스콘,기타,055-324-0160,경상남도 김해시 주촌면 선지리 산75,경상남도 김해시 주촌면 선지리 산75,석유류저장시설,중유 25000*2경유 20000*1,70000,3,지상
24,㈜동남,기타,055-329-1913,경상남도 김해시 주촌면 선지리 38-3,경상남도 김해시 주촌면 서부로1701번안길 58-100,석유류저장시설,중유 20000*1경유 10000*1,30000,2,지상
25,동창원IC주유소,주유소,055-343-6402,경상남도 김해시 진영읍 좌곤리 597,경상남도 김해시 진영읍 김해대로 139,석유류저장시설,"경유 50,000*3등유 50,000*1휘발유 40,000*1휘발유 50,000*2",340000,7,지하
26,㈜천일에너지 천일주유소,주유소,055-321-8877,경상남도 김해시 부원동 442-33,경상남도 김해시 호계로 326,석유류저장시설,"휘발유 23,500*1경유 23,500*3등유 23,500*1",117500,5,지하
27,보성주유소,주유소,055-343-2492,경상남도 김해시 진영읍 진영리 553-2,경상남도 김해시 진영읍 진영로 48,석유류저장시설,"휘발유 30,000*1         50,000*1경유 50,000*3등유 50,000*1",230000,6,지하
28,광신석유㈜ 나전주유소,주유소,055-323-9279,경상남도 김해시 생림면 나전리 230-2,경상남도 김해시 생림면 나전로 81,석유류저장시설,"휘발유 24,000*1경유 24,000*2등유 24,000*1",120000,5,지하
29,신용주유소,주유소,055-342-1550,경상남도 김해시 진영읍 신용리 318-9,경상남도 김해시 진영읍 진영로 393외 2(신용리),석유류저장시설,제2석유류 30000*1제2석유류 50000*2제1석유류 40000*2 ,21000,5,지하
30,㈜성우디오씨 빙그레주유소,주유소,055-345-8826,경상남도 김해시 한림면 병동리 966,경상남도 김해시 한림면 김해대로 926,석유류저장시설,"휘발유 20,000*2경유 20,000*2등유 20,000*1",100000,5,지하
31,경양주유소,주유소,,경상남도 김해시 진영읍 신용리 486,경상남도 김해시 진영읍 김해대로 587,석유류저장시설,"휘발유 40,000*1경유 40,000*2등유 40,000*1경유 49,000*1경유 50,000*1",259000,4,지하
32,해창석유㈜직영유성주유소,주유소,055-345-6668,경상남도 김해시 진례면 청천리 367-4,경상남도 김해시 진례면 서부로 401,석유류저장시설,"경유 50,000*7휘발유 50,000*1등유 30,000*1",430000,9,지하
33,용담주유소,주유소,055-346-1525,경상남도 김해시 진영읍 설창리 726-1,경상남도 김해시 진영읍 서부로38번길 6,석유류저장시설,"제1석유류(휘발유) 50,000제2석유류(경유) 50,000제2석유류(경유) 50,000제2석유류(등유) 50,000",200000,4,지하
34,㈜넥센,유해화학물질,055-333-0771,경상남도 김해시 안동 262-14,경상남도 김해시 김해대로 2595,석유류저장시설,"윤활유 59,000*1         25,700*2",110400,3,지하
35,SK 고속주유소,주유소,055-342-5741,경상남도 김해시 진영읍 의전리 173-3,경상남도 김해시 진영읍 서부로 386,석유류저장시설,"휘발유 40,000*1경유 40,000*2등유 40,000*1",160000,4,지하
36,㈜세기에너지,산업시설,055-329-4445,경상남도 김해시 안동 426-1,경상남도 김해시 김해대로2579번길 36 (안동),석유류저장시설,"제4석유류(폐유) 140,000*2제3석유류(이온정제유) 60,000*1제4석유류(이온정제유) 88,000*1제3석유류(방카A유) 5,000*1",433000,5,지상
37,진영셀프주유소,주유소,,경상남도 김해시 진영읍 좌곤리 388-4,경상남도 김해시 진영읍 김해대로 68,석유류저장시설,"제1석유류 40,000*2제2석유류 40,000*2제2석유류 40,000*1",200000,5,지하
38,㈜디엔씨,유해화학물질,055-346-0192,경상남도 김해시 진영읍 좌곤리 92,경상남도 김해시 진영읍 김해대로 118-51 ,유해화학물저장및제조시설,"크실렌 40,000*1 톨루엔 20,000*1솔벤트V-1 20,000*1MIBK 10,000*1솔벤트V 10,000*1벙커A유 11,600*1외 10",666300,16,지하
39,파란들주유소,주유소,055-345-8863,경상남도 김해시 한림면 명동리 803-1,경상남도 김해시 김해대로 1300,석유류저장시설,"휘발유 40,000*1경유 40,000*2등유 20,000*1      30,000*1",170000,5,지하
40,성창기업㈜,유해화학물질,055-324-8507,경상남도 김해시 어방동 1062-5,경상남도 김해시 분성로541번길 14 (어방동),석유류저장시설,"경유 10,000*1          400*1중유 10,000*1          400*1",20800,4,지상
41,유성주유소,주유소,055-292-8244,경상남도 김해시 주촌면 내삼리 783,경상남도 김해시 주촌면 서부로 1444,석유류저장시설,"휘발유 40,000*1경   유 40,000*1등   유 40,000*1",120000,3,지하
42,이손에너지㈜김해지점 동남주유소,주유소,,경상남도 김해시 생림면 사촌리 609-16,경상남도 김해시 생림면 생림대로 693,석유류저장시설,"휘발유 12,000*2경   유 12,000*1, 5,000*4  등   유 12,000*2",80000,9,지하
43,내룡주유소,주유소,055-342-4852,경상남도 김해시 진영읍 내룡리 71-2,경상남도 김해시 진영읍 서부로 60,석유류저장시설,"휘발유 40,000*1경   유 40,000*2등   유 40,000*1",160000,4,지하
44,좌곤주유소,주유소,055-345-0474,경상남도 김해시 진영읍 좌곤리 71,경상남도 김해시 진영읍 김해대로 134,석유류저장시설,"휘발유 40,000*1경   유 40,000*2등   유 40,000*1",160000,4,지하
45,동원주유소,주유소,055-323-6200,경상남도 김해시 상동면 대감리 569-3,경상남도 김해시 상동면 상동로 578,석유류저장시설,"경유 40,000*2      20,000*3휘발유 50,000*1         20,000*1등유 40,000*1      20,000*1",270000,9,지하
46,본산주유소,주유소,055-343-3367,경상남도 김해시 진영읍 본산리 1208-1,경상남도 김해시 진영읍 본산로 112,석유류저장시설,휘발유 10000*2경유 20000*1등유 20000*1,60000,4,지하
47,국민주유소,주유소,323-9400,경상남도 김해시 생림면 사촌리 38-1,경상남도 김해시 생림면 나전로 320,석유류저장시설,"휘발유 50,000*1경유 50,000*4경유 20,000*3등유 20,000*1 ",330000,9,지하
48,명일주유소,주유소,055-345-5830,경상남도 김해시 진례면 송현리 202,경상남도 김해시 진례면 고모로 255,석유류저장시설,"휘발유 40,000*1경   유 40,000*2등   유 40,000*1",120000,4,지하
49,금성주유소,주유소,055-346-1500,경상남도 김해시 어방동 1100-1,경상남도 김해시 분성로 502 (어방동),석유류저장시설,"휘발유 20,000*1경   유 20,000*1등   유 20,000*1",60000,3,지하
50,명동주유소,주유소,055-345-8600,경상남도 김해시 한림면 명동리 1065-3,경상남도 김해시 한림면 김해대로 1165,석유류저장시설,"휘발유 30000*1경유 50000*2경유 30,000*1등유 30000*1",190000,5,지하
51,화영상사,유해화학물질,055-322-2201,경상남도 김해시 어방동 1048-11,경상남도 김해시 분성로579번길 33 (어방동),석유류저장시설,DOP 21000*2,42000,2,지하
52,칠산주유소,주유소,,경상남도 김해시 풍유동 375-4,경상남도 김해시 금관대로910번길 30  (풍유동),석유류저장시설,"제1석유류(휘발유) 20,000*1제2석유류(경유) 20,000*3제2석유류(등유) 20,000*1",100000,5,지하
53,대동주유소,주유소,055-335-6464,경상남도 김해시 대동면 초정리 956-14,경상남도 김해시 대동면 대동로 645,석유류저장시설,"휘발유 20,000*1경유 20,000*3등유 20,000*1",100000,5,지하
54,태경주유소,주유소,055-343-5186,경상남도 김해시 진영읍 죽곡리 257-3,경상남도 김해시 진영읍 서부로 211,석유류저장시설,"휘발유 20,000*3경유 20,000*1등유 20,000*1",100000,5,지하
55,㈜카보라인코리아1공장,유해화학물질,055-343-6441,경상남도 김해시 진영읍 진영리 43-1,경상남도 김해시 진영읍 본산로 81,유해화학물저장및제조시설,"코코졸 24,000*1키시렌 24,000*1톨루엔 12,000*1한솔 12,000*1중유 12,000*1",84000,5,지하
56,㈜국제상사,기타,055-330-7111,경상남도 김해시 안동 360-1,경상남도 김해시 분성로 627번길 15 (안동),석유류저장시설,"중유 100,000*1",100000,1,지상
57,한림주유소,주유소,055-342-6023,경상남도 김해시 한림면 장방리 1322-4,경상남도 김해시 한림면 한림로 427,석유류저장시설,"휘발유 6,000*1경유 12,000*1, 6,000*1등유 3000*1",27000,4,지하
58,문교산업,기타,,경상남도 김해시 한림면 신천리 717-4,경상남도 김해시 한림면 김해대로 1380-14,석유류저장시설,중유 8000*1      12100*1경유 10000*1,30100,3,지상
59,우성에코텍㈜유테크 영남지점,산업시설,055-331-3400,경상남도 김해시 어방동 1065-3,경상남도 김해시 김해대로2553번길 34 (어방동),석유류저장시설,"폐유 200,000*6이온정제유 200,000*2",1600000,8,지상
60,영남화훼원예농협주유소,주유소,055-321-7791,경상남도 김해시 삼정동 44-9,경상남도 김해시 분성로 465 (삼정동),석유류저장시설,"휘발유 50,000*2, 40,000*1경유 40,000*4",300000,7,지하
61,설창주유소,주유소,055-342-4113,경상남도 김해시 진영읍 설창리 140-1,경상남도 김해시 진영읍 김해대로 793,석유류저장시설,"휘발유 40,000*1경유 40,000*3        50,000*2",200000,5,지하
62,초원주유소,주유소,055-343-6655,경상남도 김해시 진영읍 진영리 318-156,경상남도 김해시 진영읍 진산대로 96,석유류저장시설,"휘발유 30,000*2경유 30,000*2등유 30,000*1",150000,5,지하
63,세은주유소,주유소,055-327-5189,경상남도 김해시 지내동 196-11,경상남도 김해시 김해대로 2724 (지내동),석유류저장시설,"휘발유 30,000*2경유 30,000*2, 50,000*1등유 30,000*1",200000,6,지하
64,㈜행복한식품 펭귄주유소 ,주유소,055-335-4775,경상남도 김해시 불암동 79-7,경상남도 김해시 김해대로 2757 (불암동),석유류저장시설,"휘발유 30,000*1경유 30,000*4",150000,5,지하
65,현성주유소,주유소,055-321-6793,경상남도 김해시 안동 543-8,경상남도 김해시 김해대로 2648 (안동),석유류저장시설,"휘발유 30,000*1 경유 30,000*2",90000,3,지하
66,카보라인코리아2공장,유해화학물질,055-343-6441,경상남도 김해시 진영읍 본산리 960,경상남도 김해시 진영읍 본산로86번길 31-6,석유류저장시설,"자일렌 16,000*1PMA 16,000*1에틸알코올 16,000*1이소부탄올 16,000*1MIBK 16,000*1IPA 16,000*1PM 16,000*1중유 16,000*1",128000,8,지상
67,서남환경에너지㈜,산업시설,055-331-9140,경상남도 김해시 상동면 매리 952,경상남도 김해시 상동면 동북로 473번길 250-79,유해화학물저장및제조시설,"정제유 111,000*2          65,000*1          37,000*1(면제)          32,000*1(면제)          25,000*4(면제)폐유 111,000*3        65,000*2        37,000*3(면제)경유 3,000*1(면제)",1033000,18,지상
68,한솔유화,유해화학물질,055-325-1501,경상남도 김해시 지내동 195-8,경상남도 김해시 김해대로 2694번길 39,석유류저장시설,톨루엔 ,665400,16,지상지하
69,㈜지석,기타,055-346-0447,경상남도 김해시 진영읍 본산리 935-1,경상남도 김해시 진영읍 본산로86번길 21,석유류저장시설,중유 50000*1경유 8000*1,58000,2,지상
70,㈜동양산업,기타,055-331-8911,경상남도 김해시 상동면 매리 479-3,경상남도 김해시 상동면 동북로437번길 58-62,석유류저장시설,"경유 30,000*1",30000,1,지하
71,육군제2299부대  (1116공병단본부),기타,055-342-4266,경상남도 김해시 진영읍 의전리 산8,경상남도 김해시 서부로 294,석유류저장시설,"휘발유 20,000*2경유 20,000*4",120000,6,지하
72,일진석유,주유소,055-342-7500,경상남도 김해시 한림면 장방리 784,경상남도 김해시 한림면 장방로 232-3,석유류저장시설,경유 9800*1등유 19800*1,29600,2,지하
73,푸르지오주유소,주유소,055-339-5510,경상남도 김해시 삼계동 1176,경상남도 김해시 김해대로 1711 (삼계동),석유류저장시설,"휘발유 40,000*1경유 40,000*4",200000,5,지하
74,아시아페인트㈜,유해화학물질,,경상남도 김해시 지내동 195-15,경상남도 김해시 김해대로 2694번길 13-70 (지내동),석유류저장시설,"크실렌 23,000*1메탄올 23,000*1우레탄신나 23,000*1솔벤트 23,000*1신나류 9,500*1",101500,5,지상
75,수안석유,기타,055-322-0327,경상남도 김해시 어방동 359-28,경상남도 김해시 활천로186번길 16 (어방동),석유류저장시설,"경유 14,900*1등유 15,000*1",29900,2,지하
76,디유환경,유해화학물질,055-329-0333,경상남도 김해시 삼계동 1007-2,경상남도 김해시 안곡로 132,석유류저장시설,"제4석유류 85,000*2150,000*229,000*1",126000,7,지상
77,㈜다우링에너지,유해화학물질,055-346-3355,경상남도 김해시 한림면 신천리 841-2,경상남도 김해시 한림면 김해대로1402번길 147,유해화학물저장및제조시설,톨루엔 외,4369000,36,지상
78,육군2171부대    (52군지단보급수송대),기타,055-345-6227,경상남도 김해시 진례면 청천리 259-7,경상남도 김해시 진례면 서부로 450,석유류저장시설,"휘발유 20,000*3경유 20,000*3등유 20,000*2",160000,8,지하
79,명풍주유소(누출검사 미등록),주유소,055-322-9800,경상남도 김해시 안동 538-12,경상남도 김해시 김해대로 2618 (안동),석유류저장시설,"휘발유 40,000*1경유 40,000*3, 50,000*1 등유 50,000*1",260000,6,지하
80,표주주유소,주유소,055-323-7878,경상남도 김해시 상동면 매리 483-1,경상남도 김해시 상동면 동북로437번길 58-77,석유류저장시설,"휘발유 30,000*1경유 30,000*2등유 30,000*2",150000,5,지하
81,㈜한중유화,산업시설,055-345-1801,경상남도 김해시 한림면 병동리 1005외1,경상남도 김해시 한림면 김해대로916번길 24-13,석유류저장시설,"윤활유 26,000*1, 20,000*1         10,000*3,  5,000*6         3,000*1,   2,000*3         80,000*1, 2,052*1베이스오일 38,000*4, 20,000*4등유 420*1열매체유 950*1기어류 27,000*3방청류 27,000*3",592422,23,지상
82,㈜가온에너지 힘대로주유소,주유소,,경상남도 김해시 구산동 834-1외 2,경상남도 김해시 김해대로 1924 (구산동),석유류저장시설,"휘발유 50,000*2, 20,000*1경유 50,000*3, 40,000*3등유 20,000*1",410000,10,지하
83,㈜에스엘선린 테크노밸리주유소,주유소,055-343-1097,경상남도 김해시 진례면 고모리 554-1,경상남도 김해시 진례면 고모로 534,석유류저장시설,"휘발유 40,000*2경유 40,000*2등유 40,000*1",200000,5,지하
84,㈜동성에이피,유해화학물질,055-337-5885,경상남도 김해시 생림면 봉림리 88-1,경상남도 김해시 생림면 생림대로928번길 94,석유류저장시설,"제1석유류 20,100*2, 15,500*1제2석유류 15,500*2제3석유류 15,500*2, 9,500*1MMA 19,500*1EAM 19,500*1AA 14,000*1D/O 1,900*1",182100,12,지상
85,우리동네석유,기타,055-337-6191,경상남도 김해시 내동 593,경상남도 김해시 금관대로1341번길 5 (내동),석유류저장시설,"등유 20,000*2",40000,2,지하
86,현대석유,기타,055-325-7833,경상남도 김해시 화목동 583-8,경상남도 김해시 칠산로 393 (화목동),석유류저장시설,"경유 20,000*1등유 20,000*1",40000,2,지하
87,새김해주유소,주유소,055-339-2245,경상남도 김해시 삼계동 429-2,경상남도 김해시 김해대로 1816 (삼계동),석유류저장시설,"휘발유 50,000*1경유 50,000*1등유 50,000*2",200000,4,지하
88,SK유공석유,기타,055-343-3333,경상남도 김해시 한림면 가동리 356-2,경상남도 김해시 한림면 가동로 114-1,석유류저장시설,"등유 20,000*1경유 20,000*1",40000,2,지하
89,우리동네주유소,주유소,055-337-5155,경상남도 김해시 주촌면 양동리 257-3,경상남도 김해시 주촌면 서부로 1329 ,석유류저장시설,"휘발유 49,800*2경유 30,000*1",128000,3,지하
90,㈜동방유화,유해화학물질,055-329-0333,경상남도 김해시 주촌면 선지리 30-9,경상남도 김해시 주촌면 서부로1701번안길 58-218,유해화학물저장및제조시설,톨루엔외4,667200,19,지상
91,츄고쿠삼화페인트㈜,유해화학물질,055-340-0722,경상남도 김해시 한림면 퇴래리 972,경상남도 김해시 한림면 김해대로927번길 322,석유류저장시설,"4류2석유류(크실렌) 28,000제4류  알콜류(IPA) 28,0004류2석유류(솔벤트) 28,0004류2석유류(PGME) 28,0004류2석유류(BA) 19,0004류2석유류(크실렌) 19,0004류2석유류(BC) 19,0004류2석유류(부생연료유) 19,000제4류  알콜류(IBA) 44,0004류1석유류(MIBK) 44,0004류1석유류 2,5004류2석유류 46,0004류2석유류 1,247,0004류3석유류 6004류4석유류 4004류1석유류 64,2004류2석유류 51,6004류3석유류 2,8004류1석유류 64,2004류3석유류 2004류4석유류 4004류2석유류(유성도료) 25,0004류3석유류(유성도료) 40,0004류2석유류 20,0004류2석유류 10,0004류2석유류(유성도료) 25,0004류3석유류(유성도료) 44,000제4류2석유류 10,0004류2석유류(수지외) 47,8804류2석유류(건조제외) 22,4004류3석유류(가소제 외) 50,2004류4석유류(가소제 외) 6,200",1996780,32,옥외탱크저장소제조소옥내외저장소
92,출광주유소,주유소,055-328-3596,경상남도 김해시 외동 1091번지,경상남도 김해시 금관대로 1152 (외동),석유류저장시설,"휘발유 50,000*1경유 50,000*2등유 50,000*2",250000,5,지하
93,㈜삼영필름,기타,055-343-1001,경상남도 김해시 진영읍 하계리 산66,경상남도 김해시 진영읍 하계로 138번길 51-37,석유류저장시설,"중유 28,500*1, 900*1경유 3,500*1, 1,700*1, 680*1",35280,5,지상
94,동성유화,산업시설,055-336-0700,경상남도 김해시 생림면 생철리 227-12,경상남도 김해시 생림면 마사로 12-40본사업장 : 함안군 법수면 장백로 528-25,기계유저장시설,"베이스오일 24,000*2금속가공유 24,000*1",72000,3,지하
95,서부주유소,주유소,055-327-2789,경상남도 김해시 흥동 419-11번지,경상남도 김해시 전하로 171 (흥동),석유류저장시설,"휘발유 50,000*1경유 50,000*4등유 50,000*1 ",300000,6,지하
96,부성주유소,주유소,055-321-0822,경상남도 김해시 상동면 매리 733,경상남도 김해시 상동면 상동로 799,석유류저장시설,"휘발유 40,000*1경유 40,000*3등유 40,000*1",200000,5,지하
97,제일석유,기타,055-333-5189,경상남도 김해시 어방동 722-7,경상남도 김해시 활천로208번길 75 (어방동),석유류저장시설,"등유 20,000*1경유 20,000*1",40000,2,지하
98,㈜제일자원,산업시설,055-342-3625,경상남도 김해시 진영읍 본산리 310-2,경상남도 김해시 진영읍 본산로269번길 28,석유류저장시설,"폐유기용제 96,000*2폐유기용제 144,000*2폐절삭유 96,000*2폐기계유 96,000*2폐유 94,000*3제4석유류 60,000*3             120,000*1제3석유류 60,000*1             40,000*1제2석유류 60,000*1             40,000*1",1638000,19,지상
99,㈜김해자동차학원,기타,055-321-2001,경상남도 김해시 어방동 89-4,경상남도 김해시 김해대로 2569 (어방동),석유류저장시설,"휘발유 12,000*1경유 12,000*1",24000,2,지하
100,㈜혁진,산업시설,055-322-6330,경상남도 김해시 생림면 봉림리 1035,경상남도 김해시 생림면 봉림로 115-148,석유류저장시설,"정제유 20,000*1, 145,000*1 폐기계유 145,000*3부생연료유 146,000*1정제연료유 99,000*1(기존313호 통합)65,000*1, 47,000*1기계유 18,000*1,33,000*1, 19,000*1, 30,000*1",1104000,13,지상
101,대양석유㈜ 서김해주유소,주유소,055-329-2400,경상남도 김해시 풍유동 622,경상남도 김해시 금관대로 892  (풍유동),석유류저장시설,"휘발유,경유,등유",230000,5,지하
102,전원주유소,주유소,055-329-5885,경상남도 김해시 생림면 나전리 490,경상남도 김해시 생림면 나전리 490,석유류저장시설,"휘발유,경유,등유",160000,4,지하
103,봉림주유소,주유소,055-325-5169,경상남도 김해시 생림면 봉림리 184-530,경상남도 김해시 생림면?생림대로 740,석유류저장시설,"휘발유,경유,등유",200000,4,지하
104,악조노벨인더스트리얼코팅(유),유해화학물질,055-720-0440,경상남도 김해시 진영읍 본산리 315-1외 4,경상남도 김해시 진영읍 본산1로56번길 60,유해화학물저장및제조시설,"톨루엔,크실렌,에칠아세테이트,MEK(메틸에틸케톤)",805980,24,지상
105,성림엔에스티(동김해IC주유소),주유소,055-332-9559,"경상남도 김해시 어방동 1111-14,16",경상남도 김해시 인제로 23 (어방동),석유류저장시설,"경유,휘발유,실내등유,보일러등유",200000,4,지하
106,화목주유소,주유소,,경상남도 김해시 화목동 392-11,경상남도 김해시 칠산로 341 (화목동),석유류저장시설,"휘발유 40,000*1경유 40,000*2등유 40,000*1",160000,4,지하
107,한서개발㈜ 한서1주유소,주유소,055-332-5193,경상남도 김해시 동상동 498-7,경상남도 김해시 가야로 524 (동상동),석유류저장시설,"등유1, 경유3, 휘발유2",300000,6,지하
108,경남에너지,기타,,경상남도 김해시 어방동 506-7,경상남도 김해시 활천로154번길 7 (어방동),석유류저장시설,"경유,둥유",29900,3,지하
109,디에이치에너지㈜,주유소,055-331-5189,경상남도 김해시 안동 256-26외 4,경상남도 김해시 김해대로 2651 (안동),석유류저장시설,"등유,경유,휘발유",300000,6,지하
110,강남주유소,주유소,055-324-0860,경상남도 김해시 지내동 430,경상남도 김해시 분성로 689 (지내동),석유류저장시설,"휘발유,경유",400000,4,지하
111,가야아이비에스㈜,기타,055-333-2256,경상남도 김해시 삼계동 847,경상남도 김해시 생림대로 95-31 (삼계동),석유류저장시설,경유,200000,4,지하
112,WE-CHEMICAL㈜위켐,산업시설,055-324-3123,경상남도 김해시 생림면 나전리 1176,경상남도 김해시 생림면 생림대로 519-106,유해화학물저장및제조시설,"MEK 20,000*1MCP 20,000*1톨루엔 20,000*1EA 20,000*1",80000,4,지하
113,나들목주유소,주유소,055-338-3033,경상남도 김해시 주촌면 농소리 111-2,경상남도 김해시 주촌면 소망길 149,석유류저장시설,"휘발유 16,500*1등유 13,000*1등유 10,000*1경유 50,000",89500,4,
114,지에스칼텍스㈜ 남해주유소,주유소,055-323-7511,경상남도 김해시 풍유동 5-1,경상남도 김해시 금관대로 1079 (풍유동),석유류저장시설,"휘발유 1, 경유 4, 등유 1",300000,6,지하
115,㈜봉수산업김해사업소,기타,070-8230-6267,경상남도 김해시 ,경상남도 김해시 생림면 장재로 520번길 8-75,석유류저장시설,"제1석유류 27,000*1제3석유류 17,000*1제3석유류 8,000*1",52000,3,지상
116,학산금속공업㈜,산업시설,055-329-6312,경상남도 김해시 ,경상남도 김해시 생림면 장재로 520번길 8-69,석유류저장시설,"B-A유 8,000*1경유 1,100톨루엔 27,000*2톨루엔 3,200*1절연유 8,000*1절연유 63,000*1",137300,7,지상
117,OK주유소,주유소,055-321-0070,경상남도 김해시 풍유동 713-8,경상남도 김해시 금관대로 920 (풍유동),석유류저장시설,"휘발유2, 경유3, 등유2 ",350000,7,지하
118,거명주유소,주유소,055-332-5300,경상남도 김해시 구산동 1050-6,경상남도 김해시 가야로 222 (구산동),석유류저장시설,"휘발유2,경유3,등유1",300000,6,지하
119,㈜지원에너지,산업시설,055-339-5222,경상남도 김해시 어방동 1060-14,경상남도 김해시 분성로557번길 53 (어방동),석유류저장시설,"제2석유류(등유) 20,000*1제2석유류(경유) 20,000*1제2석유류(정재유) 220,000*2(220,000*1, 김해에너지 임차)제2석유류(정재유) 148,000*2",776000,6,지하지하지상지상지상지상
120,황제주유소,주유소,055-342-1201,경상남도 김해시 진영읍 신용리 218-4,경상남도 김해시 진영읍 김해대로 684,석유류저장시설,"휘발유 50,000*1경유 50,000*4등유 50,000*1",300000,6,지하
121,대로주유소,주유소,055-342-5255,경상남도 김해시 진영읍 의전리 235,경상남도 김해시 진영읍 서부로346번길 8,석유류저장시설,"휘발유2,경유2,등유2",240000,6,지하
122,한진산업개발,기타,055-323-8114,경상남도 김해시 생림면 나전리 1091-1,경상남도 김해시 생림면 나전로 100-31,석유류저장시설,경유1,40000,1,지하
123,가온주유소,주유소,,경상남도 김해시 풍유동 224-1,경상남도 김해시 금관대로 994  (풍유동),석유류저장시설,"휘발유2, 경유 ",300000,6,지하
124,지에스칼텍스㈜ 서김해IC주유소,주유소,055-322-8951,경상남도 김해시 풍유동 228-5,경상남도 김해시 금관대로 995  (풍유동),석유류저장시설,"휘발유2, 경유3, 등유2 ",300000,6,지하
125,부국주유소,주유소,055-343-8556,경상남도 김해시 진영읍 신용리 224,경상남도 김해시 진영읍 김해대로 701,석유류저장시설,"휘발유1, 경유 5, 등유 1",350000,7,지하
126,신대진주유소,주유소,,경상남도 김해시 진례면 신월리 433-3,경상남도 김해시 진례면 서부로 858,석유류저장시설,"제1석유류 50,000*1제2석유류 50,000*4제2석유류 50,000*1",300000,6,지하
127,영광주유소,주유소,055-339-8282,경상남도 김해시 삼계동 1198-7,경상남도 김해시 김해대로 1705,석유류저장시설,"휘발유2, 경유5, 등유 1",320000,8,지하
128,㈜거진아스콘,기타,055-321-4100,경상남도 김해시 어방동 1048-7,경상남도 김해시 분성로569번길 34 (어방동),석유류저장시설,경유1,30000,1,지하
129,국제주유소,주유소,055-339-5244,경상남도 김해시 구산동 741-3,경상남도 김해시 김해대로 1888 (구산동),석유류저장시설,"휘발유 50,000*2경   유 50,000*3",250000,5,지하
130,북부신도시주유소(임차:참셀프주유소),주유소,055-331-5172,경상남도 김해시 구산동 548-15,경상남도 김해시 가락로 323 (구산동),석유류저장시설,"휘발유 1, 경유 2, 등유1",160000,4,지하
131,현대오일뱅크㈜ 김해대로 셀프주유소,주유소,055-339-4457,경상남도 김해시 삼계동 1492-1,경상남도 김해시 삼계중앙로 10 (삼계동),석유류저장시설,"휘발유 40,000*2등유 40,000*2",160000,4,지하
132,한솔화학,산업시설,055-343-7441,경상남도 김해시 한림면 가동리 488-2,경상남도 김해시 한림면 장방로 191,유해화학물저장및제조시설,"톨루엔 1, MEK 1, 용제3호, 용제1호, 용제8호, 메탄올",242600,6,지상
133,㈜대왕,기타,055-331-8001,경상남도 김해시 상동면 매리 764-7,경상남도 김해시 상동면 상동로 818-5,석유류저장시설,경유 1,40000,1,지하
134,명문주유소,주유소,,경상남도 김해시 풍유동 707-4외 2,경상남도 김해시 금관대로 936 (풍유동),석유류저장시설,"휘발유3,경유4,등유1",400000,8,지하
135,대한화학,유해화학물질,,경상남도 김해시 주촌면 내삼리 1203-1,경상남도 김해시 주촌면 서부로 1403번길 64,석유류저장시설,"지상 90,000*1, 35,000*1, 30,000*1,65,000*3, 75,000*4제조소 40,000*1옥내저장소 31,000*1",721000,12,지상
136,김해농협서김해주유소,주유소,055-323-0217,경상남도 김해시 풍유동 140-1,경상남도 김해시 금관대로 1013 (풍유동),석유류저장시설,"휘발유 50,000*4경유 50,000*6",500000,10,지하
137,경남유성주유소,주유소,055-346-5189,경상남도 김해시 진영읍 본산리 790-2외 3,경상남도 김해시 진영읍 본산로 219,석유류저장시설,"휘발유 50,000*1경유 50,000*4등유 50,000*1",300000,6,지하
138,㈜동남,기타,055-323-8283,경상남도 김해시 생림면 봉림리 산196,경상남도 김해시 생림대로713번길 115,석유류저장시설,경유 1,30000,1,
139,㈜클린코리아 안강공장,산업시설,054-762-7672,경상남도 김해시 삼계동 1274-1,경상남도 김해시 안곡로 92 (삼계동),석유류저장시설,"제4석유류 29,500*3",88500,3,
140,스타주유소,주유소,055-333-4701,경상남도 김해시 대성동 14-1,경상남도 김해시 가야로 409(대성동),석유류저장시설,"휘발유 2, 경유 2",200000,4,지하
141,생림공단주유소,주유소,055-327-8998,경상남도 김해시 생림면 나전리 1198외 2,경상남도 김해시 생림면 생림대로 558-1,석유류저장시설,"휘발유 1, 경유 3, 등유 1",250000,5,
142,동상주유소,주유소,055-323-5331,경상남도 김해시 동상동 1113-12,경상남도 김해시 가야로 501(동상동),석유류저장시설,"휘발유 2, 경유 3, 등유1",300000,6,지하
143,㈜우보주유소 진영신도시,주유소,,경상남도 김해시 진영읍 신용리 449외 2,경상남도 김해시 진영읍 김해대로 606,석유류저장시설,"휘발유 1, 경유 4, 등유1",300000,6,
144,㈜대성플러스,주유소,,경상남도 김해시 상동면 우계리 1071-6외 2,경상남도 김해시 상동면 상동로 119,석유류저장시설,"경유 50,000*2휘발유 30,000*1등유 30,000*1경유 30,000*1",190000,5,
145,동산주유소,주유소,,경상남도 김해시 생림면 나전리 810-21,경상남도 김해시 생림면 생림대로 503,석유류저장시설,"휘발유 1, 경유 4, 등유 1",300000,6,지하
146,굿모닝주유소,주유소,055-329-3248,경상남도 김해시 내동 1123-1,경상남도 김해시 내외중앙로 99 (내동),석유류저장시설,"휘발유 2, 경유 1, 등유 1",200000,4,지하
147,㈜에스엘선린 유림주유소,주유소,055-342-0016,경상남도 김해시 진영읍 죽곡리 433-4외 1,경상남도 김해시 진영읍 서부로 127,석유류저장시설,"휘발유50,000*2경유50,000*4등유30,000*1",330000,7,지하
148,평화주유소,주유소,055-338-1001,경상남도 김해시 동상동 40-3,경상남도 김해시 가야로405번길73-51,석유류저장시설,"휘발유 1, 경유 3, 등유 1",250000,5,지하
149,㈜대륭기업,유해화학물질,055-345-3839,경상남도 김해시 진례면 담안리 538-1,경상남도 김해시 진례면 고모로 364번길 29,석유류저장시설,"폴리우레탄수지, 에폭시수지, 폴리아마이드수지, 폴리에스테르수지, 도료용알키드수지, 아미노수지, 아크릴수지",32000,7,지상
150,술미주유소,주유소,055-346-5184,경상남도 김해시 한림면 시산리 447-3,경상남도 김해시 한림면 한림로 686,석유류저장시설,"휘발유 1, 경유 2, 등유 1",150000,4,지하
151,㈜유성케미칼,산업시설,055-346-3151,경상남도 김해시 진영읍 본산리 303-3,경상남도 김해시 진영읍 본산1로 92,석유류저장시설,솔벤트 2,40000,2,지상
152,미래에너지,기타,,경상남도 김해시 흥동 910-5,경상남도 김해시 칠산로425번길 6-5 (흥동),석유류저장시설,"경유 1, 등유 1",39000,2,
153,㈜대방스페샬스틸,유해화학물질,055-329-1600,경상남도 김해시 주촌면 내삼리 1076외 1,경상남도 김해시 주촌면 서부로1541번안길 79,석유류저장시설,"제4석유류 30,000*1제4석유류 1,250*1제4석유류 2,500*1",33750,3,
154,청강주유소,주유소,055-345-1272,경상남도 김해시 진례면 송현리 351-5외 2,경상남도 김해시 진례면 고모로 311,석유류저장시설,"휘발유 1, 경유 3, 등유 1",250000,5,지하
155,한국RPF,기타,055-329-6246,경상남도 김해시 상동면 묵방리 512-4,경상남도 김해시 상동면 소락로 154,석유류저장시설,경유 1,40000,1,지하
156,강명산업사,산업시설,055-332-8377,경상남도 김해시 삼계동 1311-1,경상남도 김해시 김해대로 1685번길 13,석유류저장시설,"제4석유류 52,400*1제3석유류 26,000*1제3석유류 16,000*1제3석유류 9,000*1제2석유류 69,500*1제2석유류 52,400*1",225300,6,지상
157,㈜제이테크,유해화학물질,055-342-4791,경상남도 김해시 진영읍 죽곡리 2-3,경상남도 김해시 진영읍 서부로179번길 98,석유류저장시설,초산 1,58000,1,지상
158,SK인성주유소,주유소,055-335-5188,경상남도 김해시 흥동 4-10,경상남도 김해시 전하로 229 (흥동),석유류저장시설,"휘발유2, 경유 3, 등유 1",240000,6,지하
159,한림정주유소,주유소,055-346-5126,경상남도 김해시 한림면 안하리 1132-8,경상남도 김해시 한림면 한림로 226,석유류저장시설,"휘발유 1, 경유 2, 등유 1",160000,4,지하
160,부광주유소,주유소,,경상남도 김해시 지내동 273-5,경상남도 김해시 삼안로52번길 28 (지내동),석유류저장시설,"휘발유 1, 경유 2, 등유 1",69000,4,지하
161,대광주유소,주유소,,경상남도 김해시 생림면 나전리 376-2,경상남도 김해시 생림면 인제로 760,석유류저장시설,"휘발유 1, 경유 2, 등유 1",200000,4,지하
162,대동IC주유소,주유소,055-335-3730,경상남도 김해시 대동면 괴정리 170-1외 1,경상남도 김해시 대동면 대동로 714,석유류저장시설,"휘발유 1, 경유 8, 등유 1",500000,10,지하
163,대양석유㈜인제대로주유소,주유소,055-338-7388,경상남도 김해시 어방동 1110-11외 2,경상남도 김해시 인제로 29 (어방동),석유류저장시설,"경유 4, 휘발유 1, 등유 1",300000,8,지하
164,유공에너지,산업시설,,경상남도 김해시 어방동 1062-9,경상남도 김해시 분성로541번길 4  (어방동),석유류저장시설,"제3석유류(B-A) 40,000*1제3석유류(B-B) 40,000*1제3석유류(B-B) 40,000*1제1석유류(솔벤트) 40,000*1",160000,4,지하
165,연지주유소,주유소,055-333-5145,경상남도 김해시 내동 623-1외 8,경상남도 김해시 금관대로 1357 (내동),석유류저장시설,"휘발유 50,000*2경유 50,000*5등유 50,000*1",400000,8,지하
166,반가운주유소,주유소,055-328-0077,경상남도 김해시 흥동 917-7외 2,도로명주소경상남도 김해시 칠산로 457 (흥동),석유류저장시설,"휘발유 2, 경유 3, 등유 1",300000,6,지하
167,지에스칼텍스㈜명품주유소,주유소,055-326-7663,경상남도 김해시 부원동 526-6,경상남도 김해시 호계로 272 (부원동),석유류저장시설,"경유 3, 휘발유 2, 고급휘발유 1, 등유1",350000,7,지하
168,대신정기화물자동차㈜,기타,055-322-3214,경상남도 김해시 상동면 매리 99-1,경상남도 김해시 상동면 동북로 465,석유류저장시설,경유 2,100000,2,지하
169,성진주유소,주유소,055-325-2405,경상남도 김해시 상동면 우계리 266-1,경상남도 김해시 상동면 상동로 351,석유류저장시설,"휘발유 1, 경유 3, 등유 1",250000,5,지하
170,고모로주유소,주유소,055-346-7001,경상남도 김해시 진례면 산본리 40-1 외 1,경상남도 김해시 진례면 고모로 82,석유류저장시설,"경유 4, 휘발유1, 등유 1",280000,6,지하
171,토박이주유소,주유소,055-314-4774,"경상남도 김해시 대동면 수안리 234, 235-6",경상남도 김해시 대동면 대동로 126,석유류저장시설,"제1석유류(휘발유) 50,000*1제2석유류(경유) 50,000*2제2석유류(등유) 50,000*1",200000,4,지하
172,용덕주유소,주유소,055-343-5182,경상남도 김해시 한림면 용덕리825,경상남도 김해시 한림면 용덕로 236,석유류저장시설,"휘발유 1, 경유 3, 등유 1",250000,5,지하
173,㈜OS에너지흥동스마트주유소,주유소,,경상남도 김해시 흥동 4-8,경상남도 김해시 전하로 223 (흥동),석유류저장시설,"경유 50,000*2휘발유 50,000*1",150000,3,지하
174,롯데주유소,주유소,055-333-5191,경상남도 김해시 동상동 1103-20,경상남도 김해시 가야로 469(동상동),석유류저장시설,"휘발유1, 고급휘발유1, 경유4, 등유1",350000,7,지하
175,내삼주유소,주유소,055-329-4351,경상남도 김해시 주촌면 내삼리 939-10,경상남도 김해시 주촌면 서부로1499번안길 1,석유류저장시설,"제1석유류(휘발유) 30,000*1제2석유류(경유) 20,000*1제2석유류(등유) 50,000*2",150000,4,지하
176,㈜글로베스트코리아 생림에쓰오일주유소,주유소,055-338-9582,경상남도 김해시 생림면 봉림리 823-7,경상남도 김해시 생림면 생림대로 862,석유류저장시설,"경유4, 등유1,휘발유1",240000,6,지하
177,㈜세주기업,산업시설,055-346-3212,경상남도 김해시 주촌면 내삼리 1079-7,경상남도 김해시 주촌면 서부로1499번길 112-36,석유류저장시설,정제유1,20000,1,지하
178,㈜산본주유소,주유소,055-345-2746,경상남도 김해시 진례면 산본리 9-2,경상남도 김해시 진례면 고모로 109,석유류저장시설,"경유2, 등유1, 휘발유1",200000,4,지하
179,대중주유소,주유소,,경상남도 김해시 대동면 주동리 382-4,경상남도 김해시 대동면 대동로 302-3,석유류저장시설,"경유5, 등유1, 휘발유2",400000,8,지하
180,비케이주유소,주유소,055-314-5191,경상남도 김해시 상동면 대감리 14-2,경상남도 김해시 상동면 상동로 707,석유류저장시설,"경유6, 등유1, 휘발유1",400000,8,지하
181,삼문주유소,주유소,055-343-9937,경상남도 김해시 진례면 고모리 168-7,경상남도 김해시 진례면 고모로 599,석유류저장시설,"경유3, 등유1, 휘발유1",250000,5,지하
182,한일루켐㈜,산업시설,055-345-5125,경상남도 김해시 진영읍 본산리 318-2,경상남도 김해시 진영읍 본산1로56번길 22,석유류저장시설,"PU수지, 그리스유, 윤활유",30000,3,지하
183,덕암IC주유소,주유소,055-337-5182,경상남도 김해시 주촌면 덕암리 872,경상남도 김해시 주촌면 서부로1637번길 316,석유류저장시설,"휘발유 50,000*1경유 100,000*1등유 50,000*1",200000,4,지하
184,김해시 하수슬러지 자원화 처리시설,유해화학물질,055-330-3961,경상남도 김해시 화목동 1925,경상남도 김해시 김해대로2272번길 642 (화목동),석유류저장시설,기타,25000,1,지하
185,세호,산업시설,055-323-7708,경상남도 김해시 한림면 안하리 271-2,경상남도 김해시 한림면 안하로116번길 22-,석유류저장시설,"폴리에스테르1,  D.E.G 1",109500,2,지상
186,㈜안하주유소,주유소,055-342-5432,경상남도 김해시 한림면 안하리 718-1,경상남도 김해시 안하로 75,석유류저장시설,"휘발유1, 경유3, 등유1",240000,5,지하
187,동양주유소,주유소,055-339-8141,경상남도 김해시 삼계동 928-1외 1,경상남도 김해시 생림대로 166 (삼계동),석유류저장시설,"등유1, 경유4, 휘발유1, 고급휘발유1",350000,7,지하
188,C.S.C,유해화학물질,055-335-8827,경상남도 김해시 생림면 봉림리 92-1,경상남도 김해시 생림면 생림대로928번길 56,석유류저장시설,"톨루엔, 기타, 제4류 제2석유류",77500,6,
189,신화주유소,주유소,055-345-6664,경상남도 김해시 진례면 담안리 972-6,경상남도 김해시 진례면 고모로 350,석유류저장시설,휘발유50000*1경유50000*4등유 50000*1,300000,6,지하
190,대경주유소,주유소,055-327-5144,경상남도 김해시 상동면 우계리 10-1,경상남도 김해시 상동면 상동로 449,석유류저장시설,휘발유50000*1경유50000*5등유 50000*1,350000,7,지하
191,삼육특수유제(제2공장),유해화학물질,055-336-2218,경상남도 김해시 삼방동 96,경상남도 김해시 분성로627번길 51-8,석유류저장시설,"경유30,000*1정제유30,000*1",60000,2,지하
192,영원주유소,주유소,055-324-5146,경상남도 김해시 부원동 42-7,경상남도 김해시 호계로 459 (부원동),석유류저장시설,휘발유50000*2경유50000*3등유 50000*1,300000,6,지하
193,삼부주유소,주유소,,경상남도 김해시 상동면 대감리 1001-1,경상남도 김해시 상동면 상동로 509,,"휘발유 50,000*1경유 150,000*1등유 50,000*1",250000,3,지하
194,동원사,산업시설,055-329-1519,경상남도 김해시 상동면 우계리 498-3,경상남도 김해시 상동면 상동로375번길 80-18,석유류저장시설,"톨루엔 1, 2-에틸헥실 1",39000,2,지하
195,유성주유소,주유소,055-314-5679,경상남도 김해시 불암동 53-4,경상남도 김해시 김해대로 2773 (불암동),석유류저장시설,휘발유50000*2경유50000*1등유50000*1,200000,3,지하
196,자이언츠 주유소,주유소,055-325-5511,경상남도 김해시 이동 117-9,경상남도 김해시 칠산로 213 (이동),석유류저장시설,"휘발유1, 경유2, 등유1",200000,4,지하
197,대원주유소,주유소,,경상남도 김해시 진영읍 죽곡리 364,경상남도 김해시 진영읍 서부로 166,석유류저장시설,"경  유 50,000*3등  유 20,000*1",300000,6,지하
198,가야주유소(가야셀프주유소),주유소,055-314-5158,경상남도 김해시 삼계동 636-6,경상남도 김해시 해반천로 268,,"휘발유 50,000*2경유 50,000*2등유 50,000*1",250000,5,지하
199,우리주유소,주유소,,경상남도 김해시 안동 747-4,경상남도 김해시 삼안로66번길 9 (안동),,"휘발유 50,000*2경유 50,000*2등유 50,000*1",250000,5,지하
200,롯데상사㈜롯데스카이힐 김해CC,주유소,055-343-8055,경상남도 김해시 진례면 송현리 산50,경상남도 김해시 진례면 고모로134번길 54-49,,,20000,,지하
201,영남자원㈜(세림피앤알㈜),기타,055-345-2456,경상남도 김해시 진영읍 의전리 235-3,경상남도 김해시 진영읍 서부로346번길 14,석유류저장시설,"경유 40,000*1",40000,,지하
202,대현주유소,주유소,055-344-0020,경상남도 김해시 한림면 가동리 651-5외 1,경상남도 김해시 한림면 장방로 92,석유류저장시설,"휘발유1, 경유1, 등유1",300000,6,지하
203,반석주유소㈜기센에너지김해지점,주유소,055-323-5187,경상남도 김해시 외동 1094-3,경상남도 김해시 금관대로 1140 (외동),석유류저장시설,"휘발유 2, 경유 2, 등유 1",250000,5,지하
204,삼육특수유제(제1공장),유해화학물질,055-336-2218,경상남도 김해시 어방동 1065-12,경상남도 김해시 김해대로2567번길 29  (어방동),석유류저장시설,"제4석유류 662,500제3석유류 67,000제2석유류 4,380",733880,34,
205,대한주유소 ,주유소,055-344-0051,경상남도 김해시 진영읍 의전리 187-1 외1,경상남도 김해시 진영읍 서부로 371,석유류저장시설,"제1석유류 50,000*1제2석유류 50,000*3제2석유류 20,000*1",220000,5,지하
206,SY삼계주유소,주유소,055-346-0368,"경상남도 김해시 한림면 신천리 173-5, 173-6, 173-12",경상남도 김해시 한림면 김해대로 1604,석유류저장시설,"경유 50,000*3휘발유 50,000*1         40,000*1등유 40,000*1",280000,6,지하
207,해안셀프1주유소,주유소,,"경상남도 김해시 명법동 264-1, 265-1",경상남도 김해시 금관대로 820-15 (명법동),석유류저장시설,휘발유 50000*1경유 50000*3등유 30000*1,230000,5,지하
208,신가야주유소,주유소,,경상남도 김해시 생림면 나전리 90번지,경상남도 김해시 생림면 인제로 621,석유류저장시설,경유 50000*2등유50000*1휘발유 50000*1,200000,4,지하
209,㈜스카이상사,기타,055-346-4491,경상남도 김해시 한림면 가산리 712번지,경상남도 김해시 한림면 가산로 68,,기타,24000,1,지상(옥외저장소)
210,무지개주유소,주유소,                                                                                                                                                                                                   ,경상남도 김해시 부원동 461 외 1,경상남도 김해시 호계로 282,석유류저장시설,"휘발유 50,000*6경유 50,000*9",750000,15,지하
211,광동페트로㈜다인셀프주유소,주유소,055-326-9911,경상남도 김해시 부원동 343-3 외 4,경상남도 김해시 호계로 281 (부원동),석유류저장시설,"휘발유 50,000*1경유 50,000*4",250000,5,지하
212,㈜천일에너지 천일주유소,주유소,055-328-5155,경상남도 김해시 안동 248-4,경상남도 김해시 분성로 647(안동),"휘발유, 경유 저장시설","휘발유 50,000*1경유 50,000*3등유 50,000*2",300000,6,지하
213,주촌IC주유소,주유소,055-338-5188,경상남도 김해시 주촌면 천곡리 649-16,경상남도 김해시 주촌면 천곡리 649-16,석유류저장시설,휘발유 50000*2경유 50000*5등유 50000*1,400000,8,지하
214,㈜신해테크,산업시설,055-326-3288,경상남도 김해시 상동면 우계리 862-1,경상남도 김해시 상동면 상동로 265-7,폐절연유저장시설,"폐절연유,제4류제석유류",33000,2,지상
215,㈜영신화공,산업시설,055-337-3200,경상남도 김해시 주촌면 원지리 860,경상남도 김해시 주촌면 서부로1637번길 260,석유류의 제조및 저장시설,"프로세서유 27,000*1",27000,1,지상
216,㈜동서,산업시설,,경상남도 김해시 생림면 생림리 183,경상남도 김해시 생림면 장재로 420-114,,"유류(PPG, MDI)",33600,1,지상
217,금강윤활유,산업시설,055-327-5249,경상남도 김해시 상동면 우계리 10-4,경상남도 김해시 상동면 상동로 441,석유류저장시설,윤활유,220000,3,지상
218,진우정유,산업시설,055-342-5782,경상남도 김해시 진영읍 본산리 853,경상남도 김해시 진영읍 본산로212번길 32,석유류의 제조및 저장시설,윤활유,25600,2,지상
219,하성정유,산업시설,055-334-5836,경상남도 김해시 어방동 1063번지 7호,경상남도 김해시 분성로 546 (어방동),석유류저장시설,"유압작동유, 구리스 , D.O.P",117000,1,지상
220,유경상사,산업시설,055-345-6954,경상남도 김해시 진영읍 본산리 303-5,경상남도 김해시 진영읍 본산1로 90,윤활유 저장시설,윤활유,172000,2,지상
221,㈜상도티디에스,산업시설,055-329-4352,경상남도 김해시 상동면 우계리 755-3,경상남도 김해시 상동면 소락로 196,퀜칭오일 저장시설,퀜칭오일,20000,1,옥외
222,㈜삼광아스콘,기타,055-329-4100,경상남도 김해시 생림면 나전리 1090-4,경상남도 김해시 생림면 나전로 102,석유류저장시설,벙커-C유,34000,1,지상
223,㈜동아화성,산업시설,055-313-1800,경상남도 김해시 진례면 담안리 589외2,경상남도 김해시 진례면 고모로364번길 8,프로세스유 저장시설,프로세스유,29000,2,지상
224,㈜엘지화학,산업시설,055-320-6004,경상남도 김해시 안동 163-2,경상남도 김해시 김해대로2635번길 63 (안동),석유류 저장시설,"제4류 2석유류 40,000*2제4류 3석유류 120,000*1, 40,000*1,                   60,000*1, 100,000*1제4류 4석유류 80,000*2, 200,000*1,                  100,000*1, 140,000*1",1000000,11,지상
225,㈜한국화성,산업시설,055-335-9331,경상남도 김해시 생림면 생철리 205번지 3호,경상남도 김해시 생림면 마사로 20-26,DINP 저장시설,"제4류 4석유류 6,400*1(옥외)제4류 4석유류 32,500*1(옥외)제4류 4석유류 21,000*1(지하)",59900,3,"지상,지하"
226,㈜글로벌오토트레이딩,산업시설,055-343-9444,경상남도 김해시 진례면 고모리 577-5,경상남도 김해시 진례면 고모로526번길 31-31,유류 저장시설,유류,58000,1,지상
227,삼화페인트㈜,유해화학물질,031-499-0394,경상남도 김해시 김해대로927번길 332,경상남도 김해시 한림면 퇴래리 970-15,석유류저장시설,"페인트제4류 제1석유류 224,640*1(옥내)제4류 제2석유류 596,160*1(옥내)제4류 제3석유류 146,880*1(옥내)제4류 제1석유류  1,000*1(제조소)제4류 제2석유류  3,900*1(제조소)제4류 제2석유류 408,000*3(옥외)제4류 제3석유류 208,000*2(옥외)",2612580,10,지상
228,동아연료,산업시설,,경상남도 김해시 어방동 1064-16,경상남도 김해시 김해대로 2553번길 56-18 (어방동),정제유,정제유,72000,2,지상
229,㈜함일셀레나,유해화학물질,055-345-5200,경상남도 김해시 진영읍 죽곡리 21-4호,경상남도 김해시 진영읍 서부로179번길 39-17,MDI/PPG,"제4류 제4석유류 25,700*1제4류 제4석유류 112,000*1제4류 제4석유류 2,400*2제4류 제4석유류 2,800*1제4류 제4석유류 2,300*1제4류 제4석유류 3,300*4제4류 제4석유류 2,600*1제4류 제4석유류 3,200*1제4류 제1석유류 11,600*1",178200,13,지상
230,㈜찬우,산업시설,055-346-1605,경상남도 김해시 한림면 장방리 286,경상남도 김해시 한림면 한림로343번길 47-42,"B-A유, B-C유, 아스팔트유 저장시설","B-A유, B-C유, 아스팔트유",138200,4,지상
231,㈜대주이엔지김해지점,산업시설,055-342-2800,경상남도 김해시 진영읍 본산리 316-14,경상남도 김해시 진영읍 본산2로 51,불포화폴리에스테르수지 외,불포화폴리에스테르수지 외,231140,10,"지상,지하"
232,㈜무진산업,산업시설,055-331-8337,경상남도 김해시 상동면 매리 885번지 3호,경상남도 김해시 상동면 상동로 759,"B-C유, 경유 저장시설","B-C유, 경유",21700,3,지상
233,현대개발㈜김해공장,기타,055-331-7418,경상남도 김해시 상동면 매리 129번지 1호 외1,경상남도 김해시 상동면 동북로437번길 47-17,석유류 저장시설,경유,50000,1,지하
234,삼방셀프주유소,주유소,,경상남도 김해시 삼방동 30-2외 1,경상남도 김해시 삼안로 151 (삼방동),석유류저장시설,"휘발유2, 경유2, 등유1",220000,5,지하
235,김해제일주유소,주유소,,경상남도 김해시 삼정동 19-9,경상남도 김해시 분성로 440  (삼정동),석유류저장시설,"휘발유1, 경유3, 등유1",250000,5,지하
236,대박주유소,주유소,055-329-5174,경상남도 김해시 생림면 봉림리 840외 1,경상남도 김해시 생림면 생림대로 865,석유류저장시설,"휘발유1, 경유3, 실내등유1, 보일러등유1",300000,6,지하
237,부성에너지 셀프주유소,주유소,055-326-4536,경상남도 김해시 지내동 324-24,경상남도 김해시 삼안로 6(지내동),석유류저장시설,"휘발유2, 경유2, 등유2",260000,6,지하
238,두바이주유소,주유소,055-342-2756,"경상남도 김해시 진례면 산본리 233, 233-2",경상남도 김해시 진례면 서부로 914,석유류저장시설,"휘발유3, 경유6",450000,9,지하
239,㈜태원케미칼,산업시설,055-339-6789,경상남도 김해시 삼계동 1229,경상남도 김해시 안곡로 59-2,석유류저장시설,"제4류 제1석유류 52,000*2, 5,000*1제4류 제2석유류 52,000*1, 5,000*1,                      7,200*1제4류 제4석유류 50,000*7, 12,000*1,                      9,600*1",544800,10,"지상, 지하"
240,송정주유소,주유소,055-343-3663,경상남도 김해시 진례면 송정리 175,경상남도 김해시 진례면 서부로 645,석유류저장시설,"휘발유,경유,등유",300000,6,지하
241,㈜한두화이어코트,산업시설,055-321-4700,경상남도 김해시 어방동 1048-12,경상남도 김해시 분성로579번길 41 (어방동),석유류저장시설,키시렌(4-2),20000,1,지하
242,세일주유소,주유소,055-337-5105,경상남도 김해시 어방동 361-2,경상남도 김해시 인제로 132 (어방동),석유류저장시설,"경유,등유,휘발유",220000,6,지하
243,㈜ONE,산업시설,055-336-9760,경상남도 김해시 한림면 안곡리 608 외 2,경상남도 김해시 한림면 안곡로 316-11,석유류저장시설,제4석유류,1090000,9,지상
244,태양셀프주유소,주유소,,경상남도 김해시 전하동 10-1,경상남도 김해시 전하로 222 (전하동),석유류저장시설,"휘발유,경유",200000,4,지하
245,㈜유성케미칼,산업시설,055-346-3151,경상남도 김해시 진영읍 본산리 303-3,경상남도 김해시 진영읍 본산1로 92,석유류저장시설,"솔벤트,MEK,톨루엔,아세톤,페인트희석제",100000,5,지하
246,동헌산업㈜주촌지점,기타,055-338-8701,경상남도 김해시 주촌면 내삼리 887,경상남도 김해시 주촌면 서부로1403번길,석유류저장시설,벙커-C유,50000,1,지하
247,㈜지오에너지공동구매 세명주유소,주유소,,경상남도 김해시 진영읍 의전리 62,경상남도 김해시 진영읍 서부로 307,석유류저장시설,"경유, 등유",50000,8,지하
248,㈜다이나솔루션,산업시설,055-323-6665,경상남도 김해시 상동면 우계리 767,경상남도 김해시 상동면 소락로 174,석유류저장시설,베이스오일,20000,4,지하
249,쌍용레미콘㈜김해사업소,기타,055-331-9100,경상남도 김해시 상동면 매리 129,경상남도 김해시 상동면 동북로437번길 47-17,석유류저장시설,경유,20000,1,지하
250,가야개발㈜,기타,055-337-0091,경상남도 김해시 삼방동 산1,경상남도 김해시 삼방동 산1,석유류저장시설,"휘발유 10,000*1경유 10,000*1등유 10,000*1등유 30,000*1   3,600*1",63600,5,지하
251,㈜대광산업,유해화학물질,055-323-8965,경상남도 김해시 주촌면 내삼리 1238-7외 1,경상남도 김해시 주촌면 서부로1499번길 49-90,석유류저장시설,잉크용수지 10000*1신나 3528*1페인트 3528*1,57056,5,"지하,지상"
252,투에너지,산업시설,,경상남도 김해시 상동면 매리 464-42,경상남도 김해시 상동면 상동로 862-73,석유류저장시설,제4류 제4석유류,20400,2,지상
253,청천주유소,주유소,,경상남도 김해시 진례면 청천리 137-9,경상남도 김해시 진례면 서부로 520,석유류저장시설,"제4류 제1,2석유류",350000,7,지하
254,츄고쿠삼화페인트㈜,유해화학물질,055-340-0711,경상남도 김해시 한림면 퇴래리 972,경상남도 김해시 한림면 김해대로 927번길 322,석유류저장시설,"제4류 제1,2석유류",276000,10,지상
255,㈜루팩스,산업시설,055-323-0643,경상남도 김해시 상동면 우계리 797-1,경상남도 김해시 상동면 소락로 207-54,석유류저장시설,제4류 제4석유류,96000,5,지상
256,비아이레미콘㈜,기타,055-327-7728,경상남도 김해시 상동면 우계리 764-2,경상남도 김해시 상동면 상동로 312-31,석유류저장시설,제4류 제2석유류,20000,1,지하
257,무척산주유소,주유소,055-335-0306,경상남도 김해시 생림면 생철리 241-3,경상남도 김해시 생림면 생림대로 1010,석유류저장시설,"제4류 제1,2석유류",400000,8,지하
258,대성주유소,주유소,,경상남도 김해시 주촌면 농소리 132-8,경상남도 김해시 주촌면 골든루트로66번길 101,석유류저장시설,"제4류 제1,2석유류",250000,5,지하
259,이동주유소,주유소,055-338-5551,경상남도 김해시 이동 117-5,경상남도 김해시 칠산로 223 (이동),석유류저장시설,"제4류 제1,2석유류",150000,5,지하
260,유니버셜오일,산업시설,055-338-7255,경상남도 김해시 생림면 생철리 238-4,경상남도 김해시 생림면 마사로 25,석유류저장시설,"제4류 제1,2석유류",307600,5,지하
261,진례농협주유소,주유소,055-342-3641,경상남도 김해시 진례면 송정리 18-12,경상남도 김해시 진례면 서부로 558,석유류저장시설,"제4류 제1,2석유류",400000,5,지하
262,효천주유소,주유소,345-5838,경상남도 김해시 진례면 초전리 662-13,경상남도 김해시 진례면 서부로 672,석유류저장시설,"제4류 제1,2석유류",250000,5,지하
263,씨씨티켐텍,산업시설,,경상남도 김해시 주촌면 내삼리 494,경상남도 김해시 주촌면 서부로 1541번길 62,석유류저장시설,"제4류 제1,2석유류",250000,5,지하
264,(주)그린비정유,산업시설,070-8884-1435,경상남도 김해시 삼계동 1066-3,경상남도 김해시 생림대로27번길 5-1 (삼계동),석유류저장시설,"제4석유류 44,000*1(제조소)제4석유류 9,600*2(옥외저장소)",63200,3,지상
265,화성석유,기타,055-335-5000,경상남도 김해시 ,경상남도 김해시 대동면 대동로 519,석유류저장시설,"제4류 제1,2석유류",250000,5,지하
266,㈜대흥알앤티,유해화학물질,055-340-4052,경상남도 김해시 진례면 청천리 600,경상남도 김해시 진례면 서부로436번길 70-25,석유류저장시설,"기타 2,240*1제1석유류 2,440*1제2석유류 12,160*1제3석유류 1,080*1제4석유류 3,740*1제3석유류 30,000*1(지하탱크, 검사면제 x)",21460,5,지하
267,동방화학공업사㈜,유해화학물질,055-343-8272,경상남도 김해시 진영읍 본산리 308-5,경상남도 김해시 진영읍 본산로241번길 14 ,석유류저장시설,"제1석유류(접착제) 600*1제1석유류 20,000*1제3석유류 3,000*1알코올류 20,000*1",43600,4,지하
268,유한회사 삼호상사,기타,055-326-7794,경상남도 김해시 한림면 퇴래리 885,경상남도 김해시 한림면 김해대로1099번길 108,석유류저장시설,"제2석유류 39,000*1",39000,1,지하
269,㈜세경,산업시설,055-345-9601,경상남도 김해시 진영읍 좌곤리 110,경상남도 김해시 진영읍 김해대로 112,석유류저장시설,"제3석유류 57,000*1",57000,1,지하
270,효천S-OIL,주유소,055-333-9088,경상남도 김해시 생림면 생철리 254-1,경상남도 김해시 생림면 생림대로 1037,석유류저장시설,"제1석유류 휘발유 50,000*1제2석유류 경유 50,000*4제2석유류 등유 50,000*1",300000,6,지하
271,김해농업협동조합주유소,주유소,055-314-6141,경상남도 김해시 삼정동 450-4,경상남도 김해시 김해대로 2476,석유류저장시설,"제1석유류 50,000*6제2석유류 50,000*8제2석유류 50,000*1",750000,15,지하
272,봉림금속㈜,산업시설,055-323-1331,경상남도 김해시 생림면 봉림리 1073-1,경상남도 김해시 봉림로 115-80,석유류저장시설," 제1석유류 16,000*18,500*112,000*15,600*15,600*112,000*18,500*1 ",68200,7,지상
273,㈜대길산업,산업시설,055-323-3611,경상남도 김해시 상동면 우계리 85-2,경상남도 김해시 상동면 묵방로 107,석유류저장시설,"제4석유류(폴리부텐) 6,400*1제4석유류(폴리부텐) 30,000*1",36400,2,옥외
274,㈜부경케미칼,산업시설,,경상남도 김해시 진례면 담안리 1059,경상남도 김해시 진례면 담안리 1059,석유류저장시설,"제2석유류 24,000*1제2석유류 24,000*1",48000,2,옥내
275,신안에너지㈜,산업시설,,경상남도 김해시 한림면 명동리 산193,경상남도 김해시 한림면 김해대로 1102-23,석유류저장시설,"제2석유류 210,000*1제2석유류 210,000*1제3석유류 210,000*1제3석유류 105,000*1",735000,4,옥외
276,㈜서원기업운송,기타,055-338-7992,경상남도 김해시 안동 420,경상남도 김해시 김해대로2579번길 58(안동),석유류저장시설,제2석유류,30000,1,지하
277,㈜경일,주유소,055-345-9607,경상남도 김해시 진영읍 좌곤리 109,경상남도 김해시 진영읍 김해대로 118,석유류저장시설,"제1석유류 50,000*1제2석유류 50,000*1제2석유류 50,000*1",150000,3,지하
278,㈜지젠,산업시설,,경상남도 김해시 주촌면 내삼리 1168,경상남도 김해시 주촌면 서부로1499번길 58,석유류저장시설,제4석유류(폴리올),21000,1,옥외
279,삼부정밀화학㈜,유해화학물질,055-338-2650,경상남도 김해시 진영읍 의전리371-1번지,경상남도 김해시 서부로396번길 62-16,석유류저장시설,"알코올류 3,600*3제1석유류 10,000*3제2석유류 6,600*4제3석유류 4,800*2제4석유류 6,400*1제2석유류 2,400*1제3석유류 12,000*1",97600,15,옥외
280,케이티 지디에이치 주식회사,기타,055-310-9950,경상남도 김해시 내동 225-2,경상남도 김해시 분성로 3번길235-2번지,석유류저장시설,"제4류 2석유류 42,000*1                   2,500*1                   60,000*1                    2,100*1",106600,4,지하옥내지하옥내
281,김해버스터미널주유소,기타,02-380-9423,경상남도 김해시 외동 1264,경상남도 김해시 전하로 304번길24(외동),석유류저장시설,"제4류 2석유류 40,000*5",20000,5,지하
282,행운석유,기타,,경상남도 김해시 대동면 덕산리111-5,경상남도 김해시 대동면 동북로 393,석유류저장시설,"제4류 2석유류 등유 20,000*1                  경유 20,000*1",40000,2,지하
283,광득에너지㈜,산업시설,,경상남도 김해시 주촌면 양동리 50-25,경상남도 김해시 주촌면 서부로 1291번길,석유류저장시설,"제4석유류(폐유) 200,000*1제4석유류(폐유) 200,000*1제4석유류(폐유) 200,000*1제4석유류(윤활유) 100,000*1",700000,4,옥외
284,㈜경진이엔에스,주유소,,경상남도 김해시 주촌면 양동리 50-25,경상남도 김해시 주촌면 서부로 1291번길,석유류저장시설,제2석유류(경유),100000,1,옥외
285,삼부정밀화학㈜진영공장,유해화학물질,055-338-2650,경상남도 김해시 진영읍 의전리 266-2,경상남도 김해시 진영읍 서부로 346번길 28-4,석유류저장시설,"제4석유류 11,200*229,000*218,500*14,600*63,300*28,000*1",141100,14,옥외옥내
286,삼락열처리 김해지점,유해화학물질,055-336-8527,경상남도 김해시 어방동 1050-2,경상남도 김해시 분성로 557번길 22(어방동),석유류저장시설,"제3석유류 3,200*2제4석유류 6,300*9제4석유류 4,800*2",72700,13,옥내
287,㈜삼우열처리,산업시설,055-342-7345,경상남도 김해시 한림면 장방리978-5,경상남도 김해시 한림면 장방로 198,석유류저장시설,"제4석유류 7,600*1제4석유류 퀜칭유 8,700*2제4석유류 세척유 6,000*1제4석유류 퀜칭유 10,500*2제4석유류 퀜칭유 7,500*3제4석유류 세척유 3,800*1제4석유류 퀜칭유 6,500*2제4석유류 세척유 3,500*1제4석유류 퀜칭유 10,000*2",114800,15,"옥외저장소,열처리작업의 일반취급소"
288,㈜대한정유,산업시설,055-337-5189,경상남도 김해시 주촌면 내삼리 194-2,경상남도 김해시 주촌면 서부로1541번길 174,석유류저장시설,"제4석유류 14,400*1제4석유류 14,400*1제4석유류 5,800*1",34600,3,옥외저장소옥외저장소제조소
289,대창종합열처리㈜,산업시설,055-346-1071,경상남도 김해시 한림면 가산리 548,경상남도 김해시 한림면 가동로 73,석유류저장시설,제4석유류,38000,1,열처리작업의 일반취급소
290,청암,산업시설,055-345-6685,경상남도 김해시 한림면 용덕리 15-2,경상남도  김해시 한림면 명동로123번길 16-97,석유류저장시설,제4석유류,34000,1,열처리작업의 일반취급소
291,㈜한중유화,산업시설,055-343-0051,경상남도 김해시 한림면 병동리 1005,경상남도  김해시 한림면 김해대로 916번길 24-13,석유류저장시설,"제4석유류 50,000*252,800*154,000*1",206800,4,옥외저장소
292,성광화학,산업시설,055-337-1921,경상남도 김해시 주촌면 내삼리 298-7,경상남도  김해시 주촌면 서부로1541번길 164-27,석유류저장시설,"제4석유류 36,000*114,000*19,000*1",59000,3,옥내제조소옥외저장소옥내저장소
293,㈜대한케미칼,유해화학물질,,경상남도 김해시 주촌면 내삼리 697-2,경상남도  김해시 주촌면 서부로1499번길 22-18,석유류저장시설,제4석유류,36000,1,옥내저장소
294,㈜한비씨앤이,산업시설,055-335-4152,경상남도 김해시 생림면 생철리 215-3,경상남도  김해시 생림면 마사로 12-65,석유류저장시설,"제4석유류(PPG) 3,000*3제4석유류(폴리올) 18,000*1제4석유류(MDI) 18,000*1제4석유류(MDI) 9,600*1제4석유류(PPG) 12,000*1",66600,7,"옥내탱크저장소,옥외저장소"
295,우성화학,유해화학물질,055-331-3142,경상남도 김해시 주촌면 내삼리 1197,경상남도  김해시 주촌면 서부로1409번길 83-11,석유류저장시설,"제1석유류 5,000*1제2석유류 6,000*1제3석유류 12,000*1제4석유류 24,000*1제1석유류 40,000*1제4석유류 40,000*1제4석유류 40,000*1제2석유류 3,000*1제3석유류 5,100*1제4석유류 7,700*1",182800,10,옥내저장소옥내저장소옥내저장소옥내저장소지하탱크저장소지하탱크저장소지하탱크저장소제조소제조소제조소
296,골든루트주유소,주유소,,경상남도 김해시 주촌면 망덕리 904-2,경상남도  김해시 주촌면 골든루트로 191,석유류저장시설,"제1석유류(휘발유) 50,000*1제2석유류(경유) 50,000*2",150000,3,지하탱크저장소지하탱크저장소
297,㈜세양루브,산업시설,055-346-3898,경상남도 김해시 한림면 병동리 493-1,경상남도  김해시 한림면 김해대로916번길 213,석유류의 제조 및 저장시설,"제4석유류 21,000*1제4석유류 11,800*2제4석유류 47,000*2제4석유류 24,000*2",186600,7,옥내제조소옥내제조소옥외탱크저장소옥외저장소
298,이진화학,산업시설,055-329-3353,경상남도 김해시 상동면 우계리 502,경상남도  김해시 상동면 상동로375번길 80-20,석유류의 제조 및 저장시설,"제1석유류 : 5,000*1(누출검사면제)제1석유류 : 2,000*2(누출검사면제)제1석유류 : 1,800*1(누출검사면제)제1석유류 : 1,000*1(누출검사면제)제1석유류 : 8,000*1제1.2석유류 : 400*4제1석유류 : 200*5제1.2석유류 : 1,000*2제1석유류 : 20,000*3",84400,20,제조소 5기옥내저장소 12기지하탱크 3기
299,369에너지,기타,,경상남도 김해시 내동 517,경상남도  김해시 금관대로 1289번길 3(내동),석유류의 제조및 저장시설,"제4석유류 20,000*1제4석유류 9,900*1",29900,2,지하탱크저장소지하탱크저장소
300,㈜유니테크산업,유해화학물질,055-346-5775,경상남도 김해시 한림면 병동리 1040,경상남도 김해대로 916번길 54-23,석유류의 제조 및 저장시설,"제4류 제2석유류(비) 7,800*1제4류 제2석유류(비) 1,000*1제4류 제2석유류(수) 2,000*1제4류 제1석유류(수) 2,400*1제4류 제1석유류(비) 1,200*1제4류 제2석유류(수) 4,000*1제4류 제2석유류(수) 10,000*1제4류 제2석유류(SM) 29,000*1제4류 제3석유류(2-EHAM) 29,000*1제4류 제2석유류(BAM) 29,000*1제4류 제1석유류(VAM) 29,000*1제4류 제1석유류(EAM) 29,000*1제4류 제1석유류(톨루엔) 29,000*1제4류 제2석유류(SM) 1,000*1제4류 제3석유류(2-EHAM) 1,000*1제4류 제2석유류(BAM) 1,000*1제4류 제1석유류(VAM) 200*1제4류 제1석유류(EAM) 200*1제4류 제1석유류(MMA) 200*1제4류 제2석유류(아크릴산) 500*1제4류 제알코올류(메탄올) 100*1제4류 제1석유류(아세톤) 100*1제4류 제1석유류(EA) 100*1제4류 제1석유류(노말헥산) 100*1제4류 제1석유류(톨루엔) 100*1제4류 제1석유류(MMA) 5,000*1제4류 제1석유류(메탄올) 3,000*1제4류 제1석유류(EA) 3,000*1",208100,28,옥외저장소옥내저장소지하탱크저장소일반 취급소
301,인동2,산업시설,,경상남도 김해시 삼계동 949,경상남도 김해시 나전로 4,석유류의 제조 및 저장시설,"제4석유류 24,000*10",240000,10,옥외저장소
302,㈜피유켐,산업시설,055-321-3978,경상남도 김해시 한림면 퇴래리 651-1,경상남도 한림면 김해대로 927번길 66-42,석유류의 제조 및 저장시설,"제4석유류 480*1제4석유류 650*1제4석유류 19,200*2제4석유류 24,000*1",63530,5,제조소옥외저장소
303,㈜은성석유(테크노밸리 하치장),기타,,경상남도 김해시 진례면 고모리 554-1,경상남도 진례면 고모로 534(본사 사무실 : 양산시 공단로 51),석유류의 제조 및 저장시설,"제2석유류 220,000*5제2석유류 220,000*1(㈜보경석유 임대)",1320000,6,옥외탱크저장소
304,이마트주유소,주유소,055-310-1297,경상남도 김해시 외동 1264,경상남도 김해시 김해대로 2232,석유류의 제조 및 저장시설,"제1석유류 50,000*6제2석유류 50,000*4",500000,10,지하탱크저장소
305,세일상사,산업시설,055-312-5182,경상남도 김해시 지내동 192-15,경상남도 김해시 김해대로 2694번길 2(지내동),석유류의 제조 및 저장시설,"제4석유류 57,600*1",57600,1,옥외저장소
306,㈜에스엘선린 선린주유소,주유소,055-321-9217,경상남도 김해시 주촌면 내삼리 690-15,경상남도 김해시 주촌면 서부로 1532,석유류의 제조 및 저장시설,"제1석유류(휘발유) 50,000*3제2석유류(경   유) 50,000*3제2석유류(등   유) 50,000*1",350000,7,지하탱크저장소
307,엑소루브㈜,산업시설,055-343-5189,경상남도 김해시 한림면 명동리 314-1,경상남도 김해시 한림면 한림로 90,석유류의 제조 및 저장시설,"제4석유류 19,200*4",76800,4,옥외저장소
308,보경석유㈜,기타,,경상남도 김해시 흥동 48-13,경상남도 김해시 전하로 73번길 10,석유류의 제조 및 저장시설,"제2석유류 20,000, 9,500",29500,2,지하탱크 저장소
309,대진주유소,주유소,,경상남도 김해시 진영읍 죽곡리 232-5,"경상남도 김해시 진영읍 서부로 279,진영읍 테크노밸리길 3",석유류의 제조 및 저장시설,"제1석유류 50,000*3제2석유류 50,000*4",350000,7,지하탱크 저장소
310,㈜삼호에너지,산업시설,055-346-7993,경상남도 김해시 진영읍 의전리 332,경상남도 김해시 진영읍 서부로396번길 30-31,석유류의 제조 및 저장시설,"제4류 제4석유류 48,000*1제4류 제2석유류 50,000*5제4류 제4석유류 50,000*2제4류 제4석유류 100,000*1제4류 제4석유류 390,000*2",1278000,11,
311,㈜이알,산업시설,055-321-2203,경상남도 김해시 한림면 안하리 244-5,경상남도 김해시 한림면 안하로116번길 42,석유류의 제조 및 저장시설,"제4류 제4석유류 55,000*1제4류 제4석유류 150,000*5",805000,11,
312,대광물산,유해화학물질,055-338-6429,경상남도 김해시 주촌면 내삼리 869-14,경상남도 김해시 주촌면 서부로 1403번길 8-21,석유류의 제조 및 저장시설,"제4류 제1석유류 20,000*2제4류 제2석유류 20,000*2제4류 제3석유류 20,000*1제4류 제1석유류 5,000*1제4류 제2석유류 5,000*1제4류 제3석유류 39,800*1",199800,8,
313,해안셀프2주유소,주유소,055-323-2201,경상남도 김해시 명법동 203-1,경상남도 김해시 금관대로 820-15,석유류의 제조 및 저장시설,"제4류 제1석유류 50,000*2제4류 제2석유류 50,000*4",300000,6,
314,영우레탄,산업시설,055-331-9034,경상남도 김해시 상동면 대감리 228-2,경상남도 김해시 상동로 685번길 179,석유류의 제조 및 저장시설,"제4류 제4석유류 58,800*1제4류 제4석유류 19,200*3",116400,4,옥외저장소
315,"김해금관가야주유소(상행선,기장방향)",주유소,055-312-2862,경상남도 김해시 대동면 월촌리 770외 38필지,경상남도 김해시 대동면 월촌리 770외 38필지,석유류의 제조 및 저장시설,"제4류 제1석유류 30,000*2제4류 제4석유류 40,000*2",140000,4,지하저장탱크
316,"김해금관가야주유소(하행선,기장방향)",주유소,055-312-2862,경상남도 김해시 대동면 월촌리 770외 38필지,경상남도 김해시 대동면 월촌리 770외 38필지,석유류의 제조 및 저장시설,"제4류 제1석유류 30,000*2제4류 제4석유류 40,000*2",140000,4,지하저장탱크
317,대영에너지,산업시설,055-339-7761,경상남도 김해시 삼계동 1004-9,경상남도 김해시 안곡로 137,석유류의 제조 및 저장시설,"제4류 제4석유류 38,000*1제4류 제4석유류 50,000*1제4류 제4석유류 60,000*4제4류 제4석유류 490,000*3제4류 제4석유류 140,000*2제4류 제4석유류 48,000*1제4류 제4석유류 120,000*1",2246000,13,"옥외탱크. 옥내저장소, 일반취급소"
318,삼부정밀화학㈜,유해화학물질,,경상남도 김해시 진영읍 의전리 23,경상남도 김해시 진영읍 서부로298번길 22 ,석유류의 제조 및 저장시설,"제4류 제1석유류 30,000*2제4류 제4석유류 40,000*2",140000,4,지하저장탱크
319,(주)케이디씨,유해화학물질,,경상남도 김해시 진영읍 본산리 309-17,경상남도 김해시 본산로269번길 15-20 ,석유류의 제조 및 저장시설,"제4류 제1석유류 6,000제4류 제1석유류 4,000제4류 제1석유류 4,000제4류 제1석유류 4,000제4류 제1석유류 5,950제4류 제1석유류 5,950제4류 제1석유류 4,000제4류 제1석유류 2,000제4류 제4석유류 10,000제4류 제1석유류 1,000제4류 제1석유류 1,000제4류 제1석유류 1,200제4류 제1석유류 1,200제4류 제1석유류 2,000제4류 제1석유류 3,200제4류 제1석유류 30,000제4류 제1석유류 30,000",115500,17,"제조소, 옥내저장소, 지하탱크"
320,창성파인텍,산업시설,055-723-4550,경상남도 김해시 한림면 가산리 744,경상남도 김해시 한림면 가산로 25,석유류의 제조 및 저장시설,"제4류 제4석유류 29,000*1",29000,1,일반취급소
321,㈜대한폴리머,유해화학물질,055-324-6405,경상남도 김해시 안동 538-29,경상남도 김해시 김해대로2596번길 11-37,석유류의 제조 및 저장시설,"제4류 제4석유류(우레탄) 26,000*1제4류 제4석유류(우레탄) 4,000*1제4류 제3석유류(에폭시) 18,000*1제4류 제3석유류(에폭시) 6,000*1제4류 제1석유류(톨루엔/아세톤) 1,200*1제4류 제2석유류(아마이드수지)2,000*1제4류 제2석유류(에폭시수지) 2,000*1제4류 제2석유류(EVA수지) 2,000*1제4류 제4석유류(MDI) 6,000*1제4류 제4석유류(폴리올) 6,000*1제4류 제3석유류(에폭시접착제) 10,000*1제4류 제4석유류(우레탄접착제) 18,000*1",101600,12,옥내저장소옥내제조소
322,㈜성일,산업시설,055-346-1490,경상남도 김해시 한림면 퇴래리 1092-2,경상남도 김해시 김해대로1031번길 20,석유류의 제조 및 저장시설,"제4류 제2석유류 50,000*3                     35,000*1                     16,000*1                     13,400*2제4류 제3석유류  1,600*1                      500kg*1제4류 제4석유류 4,800*1",235200,11,일반취급소옥내저장소지하탱크저장소
323,한국전력공사,산업시설,051-604-5353,경상남도 김해시 한림면 명동리 272-3,경상남도 김해시 한림면 한림로 63,석유류 저장 및 취급시설,"제4류 제3석유류  317,900*1                      39,000*1",356900,2,옥외저장소일반취급소
324,동일알루미늄㈜제2공장,산업시설,055-342-5503,경상남도 김해시 한림면 신천리 103,경상남도 김해시 한림면 용덕로 48-33,석유류 저장 및 취급시설,"제4류 제2석유류 21,000*1                     9,800*1",30800,2,옥외탱크저장소옥외저장소
325,대한정유,산업시설,055-337-5189,경상남도 김해시 주촌면 내삼리552,경상남도 김해시 주촌면 서부로1499번길 22-102,석유류 제조 및 저장시설,제4석유류 14400*1제4석유류 14400*1,28800,2,옥외저장소
326,(주)흥아포밍,산업시설,055-310-2317,경상남도 김해시 주촌면 망덕리 873-4번지,경상남도 김해시 주촌면 골든루트로130번길 57,석유류 제조 및 저장시설,제1석유류 1200*1제2석유류 12000*1제3석유류 3000*1제4석유류 4000*1기타 2000*1제1석유류 2400*1제2석유류 3000*1제3석유류 400*1제4석유류 1200*1제1석유류 1200*1제2석유류 3800*1,34200,3,옥내저장소옥내저장소
327,㈜동성티씨에스,산업시설,055-345-6861,경상남도 김해시 진례면 송현리 1183,경상남도 김해시 진례면 고모로134번길 81,석유류 제조 및 저장시설,"제4류 제1석유류 7,000*1제4류 제2석유류 110,000*1",117000,2,옥내저장소
328,내트럭㈜김해사업소,주유소,,경상남도 김해시 진영읍 김해대로 243,경상남도 김해시 진영읍 진영리 651-1번지 외 11필지,석유류 제조 및 저장시설,"제4류 제1석유류 50,000*1제4류 제2석유류 50,000*7",400000,8,지하저장탱크
329,선경유화㈜,산업시설,,경상남도 김해시 삼계동 1311,경상남도 김해시 김해대로 1685번길 17-1,석유류 제조 및 저장시설,"제4류 제4석유류 30,600*1제4류 제4석유류 36,000*1",66600,2,옥외저장소
330,㈜클린코리아 안강공장,산업시설,,경상남도 김해시 한림면 가산리 52-5,경상남도 김해시 한림면 한림로 925,석유류 제조 및 저장시설,"제4류 제4석유류(폐유) 54,000*1제4류 제4석유류(폐유) 40,000*5",254000,6,취급소옥외저장소
